Spam Spam Spam Spam Spam |Baked Beans|
Spam |Lovely Spam| |Wonderful Spam|
director engeneer doctor pizda
Spam Spam Spam Spam Spam |Baked Beans|
Spam |Lovely Spam| |Wonderful Spam|
director engeneer doctor pizda
Spam Spam Spam Spam Spam |Baked Beans|
Spam |Lovely Spam| |Wonderful Spam|
director engeneer doctor pizda
Spam Spam Spam Spam Spam |Baked Beans|
Spam |Lovely Spam| |Wonderful Spam|
director engeneer doctor pizda
Spam Spam Spam Spam Spam |Baked Beans|
Spam |Lovely Spam| |Wonderful Spam|
director engeneer doctor pizda
Spam Spam Spam Spam Spam |Baked Beans|
Spam |Lovely Spam| |Wonderful Spam|
director engeneer doctor pizda
Spam Spam Spam Spam Spam |Baked Beans|
Spam |Lovely Spam| |Wonderful Spam|
director engeneer doctor pizda
Spam Spam Spam Spam Spam |Baked Beans|
Spam |Lovely Spam| |Wonderful Spam|
director engeneer doctor pizda
Spam Spam Spam Spam Spam |Baked Beans|
Spam |Lovely Spam| |Wonderful Spam|
director engeneer doctor pizda
Spam Spam Spam Spam Spam |Baked Beans|
Spam |Lovely Spam| |Wonderful Spam|
director engeneer doctor pizda
